Fit_Index,sim_model,k_split,separation,N,de,model,Class_2,Class_3,Class_4,Class_5,Total,p,m
AWE,p3m1,even,ideal,200,1.5,simple,13,87,0,0,284,p3,m1
AWE,p3m1,even,ideal,200,0.9,simple,17,83,0,0,292,p3,m1
AWE,p3m1,even,ideal,200,0.405,simple,16,84,1,0,306,p3,m1
AWE,p3m1,even,ideal,500,1.5,simple,0,39,61,0,356,p3,m1
AWE,p3m1,even,ideal,500,0.9,simple,0,13,87,0,385,p3,m1
AWE,p3m1,even,ideal,500,0.405,simple,0,4,96,0,360,p3,m1
AWE,p3m1,even,ideal,1000,1.5,simple,0,0,100,0,422,p3,m1
AWE,p3m1,even,ideal,1000,0.9,simple,0,0,100,0,428,p3,m1
AWE,p3m1,even,ideal,1000,0.405,simple,0,0,100,0,431,p3,m1
AWE,p3m1,even,ideal,5000,1.5,simple,0,0,100,0,471,p3,m1
AWE,p3m1,even,ideal,5000,0.9,simple,0,0,100,0,467,p3,m1
AWE,p3m1,even,ideal,5000,0.405,simple,0,0,100,0,467,p3,m1
AWE,p3m1,uneven,ideal,200,1.5,simple,39,61,0,0,264,p3,m1
AWE,p3m1,uneven,ideal,200,0.9,simple,31,69,0,0,293,p3,m1
AWE,p3m1,uneven,ideal,200,0.405,simple,35,65,0,0,307,p3,m1
AWE,p3m1,uneven,ideal,500,1.5,simple,0,49,51,0,353,p3,m1
AWE,p3m1,uneven,ideal,500,0.9,simple,0,35,65,0,361,p3,m1
AWE,p3m1,uneven,ideal,500,0.405,simple,0,26,74,0,365,p3,m1
AWE,p3m1,uneven,ideal,1000,1.5,simple,0,0,100,0,427,p3,m1
AWE,p3m1,uneven,ideal,1000,0.9,simple,0,0,100,0,414,p3,m1
AWE,p3m1,uneven,ideal,1000,0.405,simple,0,0,100,0,415,p3,m1
AWE,p3m1,uneven,ideal,5000,1.5,simple,0,0,100,0,462,p3,m1
AWE,p3m1,uneven,ideal,5000,0.9,simple,0,0,100,0,464,p3,m1
AWE,p3m1,uneven,ideal,5000,0.405,simple,0,0,100,0,459,p3,m1
BIC,p3m1,even,ideal,200,1.5,simple,0,18,82,0,284,p3,m1
BIC,p3m1,even,ideal,200,0.9,simple,0,6,94,0,292,p3,m1
BIC,p3m1,even,ideal,200,0.405,simple,0,5,95,0,306,p3,m1
BIC,p3m1,even,ideal,500,1.5,simple,0,0,100,0,356,p3,m1
BIC,p3m1,even,ideal,500,0.9,simple,0,0,100,0,385,p3,m1
BIC,p3m1,even,ideal,500,0.405,simple,0,0,100,0,360,p3,m1
BIC,p3m1,even,ideal,1000,1.5,simple,0,0,100,0,422,p3,m1
BIC,p3m1,even,ideal,1000,0.9,simple,0,0,100,0,428,p3,m1
BIC,p3m1,even,ideal,1000,0.405,simple,0,0,100,0,431,p3,m1
BIC,p3m1,even,ideal,5000,1.5,simple,0,0,100,0,471,p3,m1
BIC,p3m1,even,ideal,5000,0.9,simple,0,0,100,0,467,p3,m1
BIC,p3m1,even,ideal,5000,0.405,simple,0,0,100,0,467,p3,m1
BIC,p3m1,uneven,ideal,200,1.5,simple,0,26,74,0,264,p3,m1
BIC,p3m1,uneven,ideal,200,0.9,simple,0,18,82,0,293,p3,m1
BIC,p3m1,uneven,ideal,200,0.405,simple,0,13,87,0,307,p3,m1
BIC,p3m1,uneven,ideal,500,1.5,simple,0,0,100,0,353,p3,m1
BIC,p3m1,uneven,ideal,500,0.9,simple,0,0,100,0,361,p3,m1
BIC,p3m1,uneven,ideal,500,0.405,simple,0,0,100,0,365,p3,m1
BIC,p3m1,uneven,ideal,1000,1.5,simple,0,0,100,0,427,p3,m1
BIC,p3m1,uneven,ideal,1000,0.9,simple,0,0,100,0,414,p3,m1
BIC,p3m1,uneven,ideal,1000,0.405,simple,0,0,100,0,415,p3,m1
BIC,p3m1,uneven,ideal,5000,1.5,simple,0,0,100,0,462,p3,m1
BIC,p3m1,uneven,ideal,5000,0.9,simple,0,0,100,0,464,p3,m1
BIC,p3m1,uneven,ideal,5000,0.405,simple,0,0,100,0,459,p3,m1
CAIC,p3m1,even,ideal,200,1.5,simple,0,32,68,0,284,p3,m1
CAIC,p3m1,even,ideal,200,0.9,simple,0,19,81,0,292,p3,m1
CAIC,p3m1,even,ideal,200,0.405,simple,0,11,89,0,306,p3,m1
CAIC,p3m1,even,ideal,500,1.5,simple,0,0,100,0,356,p3,m1
CAIC,p3m1,even,ideal,500,0.9,simple,0,0,100,0,385,p3,m1
CAIC,p3m1,even,ideal,500,0.405,simple,0,0,100,0,360,p3,m1
CAIC,p3m1,even,ideal,1000,1.5,simple,0,0,100,0,422,p3,m1
CAIC,p3m1,even,ideal,1000,0.9,simple,0,0,100,0,428,p3,m1
CAIC,p3m1,even,ideal,1000,0.405,simple,0,0,100,0,431,p3,m1
CAIC,p3m1,even,ideal,5000,1.5,simple,0,0,100,0,471,p3,m1
CAIC,p3m1,even,ideal,5000,0.9,simple,0,0,100,0,467,p3,m1
CAIC,p3m1,even,ideal,5000,0.405,simple,0,0,100,0,467,p3,m1
CAIC,p3m1,uneven,ideal,200,1.5,simple,0,48,52,0,264,p3,m1
CAIC,p3m1,uneven,ideal,200,0.9,simple,0,43,57,0,293,p3,m1
CAIC,p3m1,uneven,ideal,200,0.405,simple,0,29,71,0,307,p3,m1
CAIC,p3m1,uneven,ideal,500,1.5,simple,0,0,100,0,353,p3,m1
CAIC,p3m1,uneven,ideal,500,0.9,simple,0,0,100,0,361,p3,m1
CAIC,p3m1,uneven,ideal,500,0.405,simple,0,0,100,0,365,p3,m1
CAIC,p3m1,uneven,ideal,1000,1.5,simple,0,0,100,0,427,p3,m1
CAIC,p3m1,uneven,ideal,1000,0.9,simple,0,0,100,0,414,p3,m1
CAIC,p3m1,uneven,ideal,1000,0.405,simple,0,0,100,0,415,p3,m1
CAIC,p3m1,uneven,ideal,5000,1.5,simple,0,0,100,0,462,p3,m1
CAIC,p3m1,uneven,ideal,5000,0.9,simple,0,0,100,0,464,p3,m1
CAIC,p3m1,uneven,ideal,5000,0.405,simple,0,0,100,0,459,p3,m1
VLMR,p3m1,even,ideal,200,1.5,simple,5,11,51,33,284,p3,m1
VLMR,p3m1,even,ideal,200,0.9,simple,5,7,51,38,292,p3,m1
VLMR,p3m1,even,ideal,200,0.405,simple,4,6,53,38,306,p3,m1
VLMR,p3m1,even,ideal,500,1.5,simple,0,0,60,40,356,p3,m1
VLMR,p3m1,even,ideal,500,0.9,simple,0,0,57,43,385,p3,m1
VLMR,p3m1,even,ideal,500,0.405,simple,1,0,57,42,360,p3,m1
VLMR,p3m1,even,ideal,1000,1.5,simple,0,0,67,33,422,p3,m1
VLMR,p3m1,even,ideal,1000,0.9,simple,0,0,70,30,428,p3,m1
VLMR,p3m1,even,ideal,1000,0.405,simple,0,0,66,34,431,p3,m1
VLMR,p3m1,even,ideal,5000,1.5,simple,0,0,86,14,471,p3,m1
VLMR,p3m1,even,ideal,5000,0.9,simple,0,0,82,18,467,p3,m1
VLMR,p3m1,even,ideal,5000,0.405,simple,0,0,85,15,467,p3,m1
VLMR,p3m1,uneven,ideal,200,1.5,simple,8,12,46,34,264,p3,m1
VLMR,p3m1,uneven,ideal,200,0.9,simple,6,9,52,33,293,p3,m1
VLMR,p3m1,uneven,ideal,200,0.405,simple,6,9,50,36,307,p3,m1
VLMR,p3m1,uneven,ideal,500,1.5,simple,3,0,61,35,353,p3,m1
VLMR,p3m1,uneven,ideal,500,0.9,simple,2,0,58,40,361,p3,m1
VLMR,p3m1,uneven,ideal,500,0.405,simple,1,1,61,37,365,p3,m1
VLMR,p3m1,uneven,ideal,1000,1.5,simple,3,0,68,29,427,p3,m1
VLMR,p3m1,uneven,ideal,1000,0.9,simple,1,0,67,32,414,p3,m1
VLMR,p3m1,uneven,ideal,1000,0.405,simple,0,0,70,30,415,p3,m1
VLMR,p3m1,uneven,ideal,5000,1.5,simple,2,0,80,18,462,p3,m1
VLMR,p3m1,uneven,ideal,5000,0.9,simple,0,0,82,18,464,p3,m1
VLMR,p3m1,uneven,ideal,5000,0.405,simple,0,0,81,19,459,p3,m1
aBIC,p3m1,even,ideal,200,1.5,simple,0,0,94,6,284,p3,m1
aBIC,p3m1,even,ideal,200,0.9,simple,0,0,94,6,292,p3,m1
aBIC,p3m1,even,ideal,200,0.405,simple,0,0,95,5,306,p3,m1
aBIC,p3m1,even,ideal,500,1.5,simple,0,0,100,0,356,p3,m1
aBIC,p3m1,even,ideal,500,0.9,simple,0,0,99,1,385,p3,m1
aBIC,p3m1,even,ideal,500,0.405,simple,0,0,98,2,360,p3,m1
aBIC,p3m1,even,ideal,1000,1.5,simple,0,0,100,0,422,p3,m1
aBIC,p3m1,even,ideal,1000,0.9,simple,0,0,100,0,428,p3,m1
aBIC,p3m1,even,ideal,1000,0.405,simple,0,0,100,0,431,p3,m1
aBIC,p3m1,even,ideal,5000,1.5,simple,0,0,100,0,471,p3,m1
aBIC,p3m1,even,ideal,5000,0.9,simple,0,0,100,0,467,p3,m1
aBIC,p3m1,even,ideal,5000,0.405,simple,0,0,100,0,467,p3,m1
aBIC,p3m1,uneven,ideal,200,1.5,simple,0,0,94,6,264,p3,m1
aBIC,p3m1,uneven,ideal,200,0.9,simple,0,0,95,5,293,p3,m1
aBIC,p3m1,uneven,ideal,200,0.405,simple,0,0,96,4,307,p3,m1
aBIC,p3m1,uneven,ideal,500,1.5,simple,0,0,100,0,353,p3,m1
aBIC,p3m1,uneven,ideal,500,0.9,simple,0,0,100,0,361,p3,m1
aBIC,p3m1,uneven,ideal,500,0.405,simple,0,0,99,1,365,p3,m1
aBIC,p3m1,uneven,ideal,1000,1.5,simple,0,0,100,0,427,p3,m1
aBIC,p3m1,uneven,ideal,1000,0.9,simple,0,0,100,0,414,p3,m1
aBIC,p3m1,uneven,ideal,1000,0.405,simple,0,0,100,0,415,p3,m1
aBIC,p3m1,uneven,ideal,5000,1.5,simple,0,0,100,0,462,p3,m1
aBIC,p3m1,uneven,ideal,5000,0.9,simple,0,0,100,0,464,p3,m1
aBIC,p3m1,uneven,ideal,5000,0.405,simple,0,0,100,0,459,p3,m1
cmPk,p3m1,even,ideal,200,1.5,simple,0,18,82,0,284,p3,m1
cmPk,p3m1,even,ideal,200,0.9,simple,0,6,94,0,292,p3,m1
cmPk,p3m1,even,ideal,200,0.405,simple,0,5,95,0,306,p3,m1
cmPk,p3m1,even,ideal,500,1.5,simple,0,0,100,0,356,p3,m1
cmPk,p3m1,even,ideal,500,0.9,simple,0,0,100,0,385,p3,m1
cmPk,p3m1,even,ideal,500,0.405,simple,0,0,100,0,360,p3,m1
cmPk,p3m1,even,ideal,1000,1.5,simple,0,0,100,0,422,p3,m1
cmPk,p3m1,even,ideal,1000,0.9,simple,0,0,100,0,428,p3,m1
cmPk,p3m1,even,ideal,1000,0.405,simple,0,0,100,0,431,p3,m1
cmPk,p3m1,even,ideal,5000,1.5,simple,0,0,100,0,471,p3,m1
cmPk,p3m1,even,ideal,5000,0.9,simple,0,0,100,0,467,p3,m1
cmPk,p3m1,even,ideal,5000,0.405,simple,0,0,100,0,467,p3,m1
cmPk,p3m1,uneven,ideal,200,1.5,simple,0,26,74,0,264,p3,m1
cmPk,p3m1,uneven,ideal,200,0.9,simple,0,18,82,0,293,p3,m1
cmPk,p3m1,uneven,ideal,200,0.405,simple,0,13,87,0,307,p3,m1
cmPk,p3m1,uneven,ideal,500,1.5,simple,0,0,100,0,353,p3,m1
cmPk,p3m1,uneven,ideal,500,0.9,simple,0,0,100,0,361,p3,m1
cmPk,p3m1,uneven,ideal,500,0.405,simple,0,0,100,0,365,p3,m1
cmPk,p3m1,uneven,ideal,1000,1.5,simple,0,0,100,0,427,p3,m1
cmPk,p3m1,uneven,ideal,1000,0.9,simple,0,0,100,0,414,p3,m1
cmPk,p3m1,uneven,ideal,1000,0.405,simple,0,0,100,0,415,p3,m1
cmPk,p3m1,uneven,ideal,5000,1.5,simple,0,0,100,0,462,p3,m1
cmPk,p3m1,uneven,ideal,5000,0.9,simple,0,0,100,0,464,p3,m1
cmPk,p3m1,uneven,ideal,5000,0.405,simple,0,0,100,0,459,p3,m1
AWE,p3m2,even,ideal,200,1.5,simple,42,58,0,0,196,p3,m2
AWE,p3m2,even,ideal,200,0.9,simple,30,70,0,0,187,p3,m2
AWE,p3m2,even,ideal,200,0.405,simple,29,71,0,0,211,p3,m2
AWE,p3m2,even,ideal,500,1.5,simple,0,57,43,0,360,p3,m2
AWE,p3m2,even,ideal,500,0.9,simple,0,35,65,0,313,p3,m2
AWE,p3m2,even,ideal,500,0.405,simple,0,26,74,0,272,p3,m2
AWE,p3m2,even,ideal,1000,1.5,simple,0,0,100,0,422,p3,m2
AWE,p3m2,even,ideal,1000,0.9,simple,0,0,100,0,379,p3,m2
AWE,p3m2,even,ideal,1000,0.405,simple,0,0,100,0,338,p3,m2
AWE,p3m2,even,ideal,5000,1.5,simple,0,0,44,56,493,p3,m2
AWE,p3m2,even,ideal,5000,0.9,simple,0,0,100,0,488,p3,m2
AWE,p3m2,even,ideal,5000,0.405,simple,0,0,100,0,476,p3,m2
AWE,p3m2,uneven,ideal,200,1.5,simple,77,23,0,0,198,p3,m2
AWE,p3m2,uneven,ideal,200,0.9,simple,74,26,0,0,193,p3,m2
AWE,p3m2,uneven,ideal,200,0.405,simple,81,19,0,0,186,p3,m2
AWE,p3m2,uneven,ideal,500,1.5,simple,0,60,40,0,359,p3,m2
AWE,p3m2,uneven,ideal,500,0.9,simple,0,35,65,0,325,p3,m2
AWE,p3m2,uneven,ideal,500,0.405,simple,0,15,85,0,271,p3,m2
AWE,p3m2,uneven,ideal,1000,1.5,simple,0,0,100,0,422,p3,m2
AWE,p3m2,uneven,ideal,1000,0.9,simple,0,0,100,0,432,p3,m2
AWE,p3m2,uneven,ideal,1000,0.405,simple,0,0,100,0,371,p3,m2
AWE,p3m2,uneven,ideal,5000,1.5,simple,0,0,0,100,493,p3,m2
AWE,p3m2,uneven,ideal,5000,0.9,simple,0,0,94,6,500,p3,m2
AWE,p3m2,uneven,ideal,5000,0.405,simple,0,0,100,0,488,p3,m2
BIC,p3m2,even,ideal,200,1.5,simple,0,22,78,0,196,p3,m2
BIC,p3m2,even,ideal,200,0.9,simple,0,17,83,0,187,p3,m2
BIC,p3m2,even,ideal,200,0.405,simple,0,10,90,0,211,p3,m2
BIC,p3m2,even,ideal,500,1.5,simple,0,0,100,0,360,p3,m2
BIC,p3m2,even,ideal,500,0.9,simple,0,0,100,0,313,p3,m2
BIC,p3m2,even,ideal,500,0.405,simple,0,0,100,0,272,p3,m2
BIC,p3m2,even,ideal,1000,1.5,simple,0,0,89,11,422,p3,m2
BIC,p3m2,even,ideal,1000,0.9,simple,0,0,100,0,379,p3,m2
BIC,p3m2,even,ideal,1000,0.405,simple,0,0,100,0,338,p3,m2
BIC,p3m2,even,ideal,5000,1.5,simple,0,0,0,100,493,p3,m2
BIC,p3m2,even,ideal,5000,0.9,simple,0,0,22,78,488,p3,m2
BIC,p3m2,even,ideal,5000,0.405,simple,0,0,100,0,476,p3,m2
BIC,p3m2,uneven,ideal,200,1.5,simple,0,24,76,0,198,p3,m2
BIC,p3m2,uneven,ideal,200,0.9,simple,0,14,86,0,193,p3,m2
BIC,p3m2,uneven,ideal,200,0.405,simple,0,13,87,0,186,p3,m2
BIC,p3m2,uneven,ideal,500,1.5,simple,0,0,93,7,359,p3,m2
BIC,p3m2,uneven,ideal,500,0.9,simple,0,0,100,0,325,p3,m2
BIC,p3m2,uneven,ideal,500,0.405,simple,0,0,100,0,271,p3,m2
BIC,p3m2,uneven,ideal,1000,1.5,simple,0,0,35,65,422,p3,m2
BIC,p3m2,uneven,ideal,1000,0.9,simple,0,0,98,2,432,p3,m2
BIC,p3m2,uneven,ideal,1000,0.405,simple,0,0,100,0,371,p3,m2
BIC,p3m2,uneven,ideal,5000,1.5,simple,0,0,0,100,493,p3,m2
BIC,p3m2,uneven,ideal,5000,0.9,simple,0,0,0,100,500,p3,m2
BIC,p3m2,uneven,ideal,5000,0.405,simple,0,0,100,0,488,p3,m2
CAIC,p3m2,even,ideal,200,1.5,simple,0,46,54,0,196,p3,m2
CAIC,p3m2,even,ideal,200,0.9,simple,0,32,68,0,187,p3,m2
CAIC,p3m2,even,ideal,200,0.405,simple,0,28,72,0,211,p3,m2
CAIC,p3m2,even,ideal,500,1.5,simple,0,0,100,0,360,p3,m2
CAIC,p3m2,even,ideal,500,0.9,simple,0,0,100,0,313,p3,m2
CAIC,p3m2,even,ideal,500,0.405,simple,0,0,100,0,272,p3,m2
CAIC,p3m2,even,ideal,1000,1.5,simple,0,0,96,4,422,p3,m2
CAIC,p3m2,even,ideal,1000,0.9,simple,0,0,100,0,379,p3,m2
CAIC,p3m2,even,ideal,1000,0.405,simple,0,0,100,0,338,p3,m2
CAIC,p3m2,even,ideal,5000,1.5,simple,0,0,0,100,493,p3,m2
CAIC,p3m2,even,ideal,5000,0.9,simple,0,0,49,51,488,p3,m2
CAIC,p3m2,even,ideal,5000,0.405,simple,0,0,100,0,476,p3,m2
CAIC,p3m2,uneven,ideal,200,1.5,simple,0,44,56,0,198,p3,m2
CAIC,p3m2,uneven,ideal,200,0.9,simple,0,30,70,0,193,p3,m2
CAIC,p3m2,uneven,ideal,200,0.405,simple,0,24,76,0,186,p3,m2
CAIC,p3m2,uneven,ideal,500,1.5,simple,0,0,99,1,359,p3,m2
CAIC,p3m2,uneven,ideal,500,0.9,simple,0,0,100,0,325,p3,m2
CAIC,p3m2,uneven,ideal,500,0.405,simple,0,0,100,0,271,p3,m2
CAIC,p3m2,uneven,ideal,1000,1.5,simple,0,0,59,41,422,p3,m2
CAIC,p3m2,uneven,ideal,1000,0.9,simple,0,0,100,0,432,p3,m2
CAIC,p3m2,uneven,ideal,1000,0.405,simple,0,0,100,0,371,p3,m2
CAIC,p3m2,uneven,ideal,5000,1.5,simple,0,0,0,100,493,p3,m2
CAIC,p3m2,uneven,ideal,5000,0.9,simple,0,0,0,100,500,p3,m2
CAIC,p3m2,uneven,ideal,5000,0.405,simple,0,0,100,0,488,p3,m2
VLMR,p3m2,even,ideal,200,1.5,simple,12,26,49,13,196,p3,m2
VLMR,p3m2,even,ideal,200,0.9,simple,9,18,54,19,187,p3,m2
VLMR,p3m2,even,ideal,200,0.405,simple,8,16,55,21,211,p3,m2
VLMR,p3m2,even,ideal,500,1.5,simple,1,2,64,33,360,p3,m2
VLMR,p3m2,even,ideal,500,0.9,simple,0,0,76,24,313,p3,m2
VLMR,p3m2,even,ideal,500,0.405,simple,0,0,81,19,272,p3,m2
VLMR,p3m2,even,ideal,1000,1.5,simple,0,0,31,69,422,p3,m2
VLMR,p3m2,even,ideal,1000,0.9,simple,0,0,62,38,379,p3,m2
VLMR,p3m2,even,ideal,1000,0.405,simple,0,0,80,20,338,p3,m2
VLMR,p3m2,even,ideal,5000,1.5,simple,0,0,0,100,493,p3,m2
VLMR,p3m2,even,ideal,5000,0.9,simple,0,0,2,98,488,p3,m2
VLMR,p3m2,even,ideal,5000,0.405,simple,0,0,53,47,476,p3,m2
VLMR,p3m2,uneven,ideal,200,1.5,simple,18,28,45,10,198,p3,m2
VLMR,p3m2,uneven,ideal,200,0.9,simple,16,19,47,19,193,p3,m2
VLMR,p3m2,uneven,ideal,200,0.405,simple,17,11,52,20,186,p3,m2
VLMR,p3m2,uneven,ideal,500,1.5,simple,8,5,47,40,359,p3,m2
VLMR,p3m2,uneven,ideal,500,0.9,simple,12,1,63,25,325,p3,m2
VLMR,p3m2,uneven,ideal,500,0.405,simple,7,0,70,22,271,p3,m2
VLMR,p3m2,uneven,ideal,1000,1.5,simple,2,1,9,88,422,p3,m2
VLMR,p3m2,uneven,ideal,1000,0.9,simple,7,0,44,49,432,p3,m2
VLMR,p3m2,uneven,ideal,1000,0.405,simple,6,0,76,18,371,p3,m2
VLMR,p3m2,uneven,ideal,5000,1.5,simple,0,0,0,100,493,p3,m2
VLMR,p3m2,uneven,ideal,5000,0.9,simple,0,0,0,100,500,p3,m2
VLMR,p3m2,uneven,ideal,5000,0.405,simple,4,0,32,64,488,p3,m2
aBIC,p3m2,even,ideal,200,1.5,simple,0,0,14,86,196,p3,m2
aBIC,p3m2,even,ideal,200,0.9,simple,0,0,27,73,187,p3,m2
aBIC,p3m2,even,ideal,200,0.405,simple,0,0,34,66,211,p3,m2
aBIC,p3m2,even,ideal,500,1.5,simple,0,0,27,73,360,p3,m2
aBIC,p3m2,even,ideal,500,0.9,simple,0,0,69,31,313,p3,m2
aBIC,p3m2,even,ideal,500,0.405,simple,0,0,93,7,272,p3,m2
aBIC,p3m2,even,ideal,1000,1.5,simple,0,0,5,95,422,p3,m2
aBIC,p3m2,even,ideal,1000,0.9,simple,0,0,67,33,379,p3,m2
aBIC,p3m2,even,ideal,1000,0.405,simple,0,0,98,2,338,p3,m2
aBIC,p3m2,even,ideal,5000,1.5,simple,0,0,0,100,493,p3,m2
aBIC,p3m2,even,ideal,5000,0.9,simple,0,0,0,100,488,p3,m2
aBIC,p3m2,even,ideal,5000,0.405,simple,0,0,99,1,476,p3,m2
aBIC,p3m2,uneven,ideal,200,1.5,simple,0,0,9,91,198,p3,m2
aBIC,p3m2,uneven,ideal,200,0.9,simple,0,0,19,81,193,p3,m2
aBIC,p3m2,uneven,ideal,200,0.405,simple,0,0,30,70,186,p3,m2
aBIC,p3m2,uneven,ideal,500,1.5,simple,0,0,7,93,359,p3,m2
aBIC,p3m2,uneven,ideal,500,0.9,simple,0,0,54,46,325,p3,m2
aBIC,p3m2,uneven,ideal,500,0.405,simple,0,0,91,9,271,p3,m2
aBIC,p3m2,uneven,ideal,1000,1.5,simple,0,0,0,100,422,p3,m2
aBIC,p3m2,uneven,ideal,1000,0.9,simple,0,0,34,66,432,p3,m2
aBIC,p3m2,uneven,ideal,1000,0.405,simple,0,0,98,2,371,p3,m2
aBIC,p3m2,uneven,ideal,5000,1.5,simple,0,0,0,100,493,p3,m2
aBIC,p3m2,uneven,ideal,5000,0.9,simple,0,0,0,100,500,p3,m2
aBIC,p3m2,uneven,ideal,5000,0.405,simple,0,0,78,22,488,p3,m2
cmPk,p3m2,even,ideal,200,1.5,simple,0,22,78,0,196,p3,m2
cmPk,p3m2,even,ideal,200,0.9,simple,0,17,83,0,187,p3,m2
cmPk,p3m2,even,ideal,200,0.405,simple,0,10,90,0,211,p3,m2
cmPk,p3m2,even,ideal,500,1.5,simple,0,0,100,0,360,p3,m2
cmPk,p3m2,even,ideal,500,0.9,simple,0,0,100,0,313,p3,m2
cmPk,p3m2,even,ideal,500,0.405,simple,0,0,100,0,272,p3,m2
cmPk,p3m2,even,ideal,1000,1.5,simple,0,0,89,11,422,p3,m2
cmPk,p3m2,even,ideal,1000,0.9,simple,0,0,100,0,379,p3,m2
cmPk,p3m2,even,ideal,1000,0.405,simple,0,0,100,0,338,p3,m2
cmPk,p3m2,even,ideal,5000,1.5,simple,0,0,0,100,493,p3,m2
cmPk,p3m2,even,ideal,5000,0.9,simple,0,0,22,78,488,p3,m2
cmPk,p3m2,even,ideal,5000,0.405,simple,0,0,100,0,476,p3,m2
cmPk,p3m2,uneven,ideal,200,1.5,simple,0,24,76,0,198,p3,m2
cmPk,p3m2,uneven,ideal,200,0.9,simple,0,14,86,0,193,p3,m2
cmPk,p3m2,uneven,ideal,200,0.405,simple,0,13,87,0,186,p3,m2
cmPk,p3m2,uneven,ideal,500,1.5,simple,0,0,93,7,359,p3,m2
cmPk,p3m2,uneven,ideal,500,0.9,simple,0,0,100,0,325,p3,m2
cmPk,p3m2,uneven,ideal,500,0.405,simple,0,0,100,0,271,p3,m2
cmPk,p3m2,uneven,ideal,1000,1.5,simple,0,0,35,65,422,p3,m2
cmPk,p3m2,uneven,ideal,1000,0.9,simple,0,0,98,2,432,p3,m2
cmPk,p3m2,uneven,ideal,1000,0.405,simple,0,0,100,0,371,p3,m2
cmPk,p3m2,uneven,ideal,5000,1.5,simple,0,0,0,100,493,p3,m2
cmPk,p3m2,uneven,ideal,5000,0.9,simple,0,0,0,100,500,p3,m2
cmPk,p3m2,uneven,ideal,5000,0.405,simple,0,0,100,0,488,p3,m2
AWE,p3m3,even,ideal,200,1.5,simple,65,35,0,0,171,p3,m3
AWE,p3m3,even,ideal,200,0.9,simple,44,56,0,0,199,p3,m3
AWE,p3m3,even,ideal,200,0.405,simple,37,63,0,0,182,p3,m3
AWE,p3m3,even,ideal,500,1.5,simple,0,42,58,0,263,p3,m3
AWE,p3m3,even,ideal,500,0.9,simple,0,31,69,0,260,p3,m3
AWE,p3m3,even,ideal,500,0.405,simple,0,20,80,0,263,p3,m3
AWE,p3m3,even,ideal,1000,1.5,simple,0,0,100,0,303,p3,m3
AWE,p3m3,even,ideal,1000,0.9,simple,0,0,100,0,289,p3,m3
AWE,p3m3,even,ideal,1000,0.405,simple,0,0,100,0,303,p3,m3
AWE,p3m3,even,ideal,5000,1.5,simple,0,0,100,0,428,p3,m3
AWE,p3m3,even,ideal,5000,0.9,simple,0,0,100,0,415,p3,m3
AWE,p3m3,even,ideal,5000,0.405,simple,0,0,100,0,432,p3,m3
AWE,p3m3,uneven,ideal,200,1.5,simple,95,5,0,0,197,p3,m3
AWE,p3m3,uneven,ideal,200,0.9,simple,91,9,0,0,199,p3,m3
AWE,p3m3,uneven,ideal,200,0.405,simple,81,19,0,0,183,p3,m3
AWE,p3m3,uneven,ideal,500,1.5,simple,0,52,48,0,276,p3,m3
AWE,p3m3,uneven,ideal,500,0.9,simple,0,29,71,0,272,p3,m3
AWE,p3m3,uneven,ideal,500,0.405,simple,0,19,81,0,271,p3,m3
AWE,p3m3,uneven,ideal,1000,1.5,simple,0,0,100,0,319,p3,m3
AWE,p3m3,uneven,ideal,1000,0.9,simple,0,0,100,0,328,p3,m3
AWE,p3m3,uneven,ideal,1000,0.405,simple,0,0,100,0,322,p3,m3
AWE,p3m3,uneven,ideal,5000,1.5,simple,0,0,100,0,427,p3,m3
AWE,p3m3,uneven,ideal,5000,0.9,simple,0,0,100,0,424,p3,m3
AWE,p3m3,uneven,ideal,5000,0.405,simple,0,0,100,0,422,p3,m3
BIC,p3m3,even,ideal,200,1.5,simple,0,13,87,0,171,p3,m3
BIC,p3m3,even,ideal,200,0.9,simple,0,15,85,0,199,p3,m3
BIC,p3m3,even,ideal,200,0.405,simple,0,8,92,0,182,p3,m3
BIC,p3m3,even,ideal,500,1.5,simple,0,0,100,0,263,p3,m3
BIC,p3m3,even,ideal,500,0.9,simple,0,0,100,0,260,p3,m3
BIC,p3m3,even,ideal,500,0.405,simple,0,0,100,0,263,p3,m3
BIC,p3m3,even,ideal,1000,1.5,simple,0,0,100,0,303,p3,m3
BIC,p3m3,even,ideal,1000,0.9,simple,0,0,100,0,289,p3,m3
BIC,p3m3,even,ideal,1000,0.405,simple,0,0,100,0,303,p3,m3
BIC,p3m3,even,ideal,5000,1.5,simple,0,0,100,0,428,p3,m3
BIC,p3m3,even,ideal,5000,0.9,simple,0,0,100,0,415,p3,m3
BIC,p3m3,even,ideal,5000,0.405,simple,0,0,100,0,432,p3,m3
BIC,p3m3,uneven,ideal,200,1.5,simple,0,23,77,0,197,p3,m3
BIC,p3m3,uneven,ideal,200,0.9,simple,0,10,90,0,199,p3,m3
BIC,p3m3,uneven,ideal,200,0.405,simple,0,8,92,0,183,p3,m3
BIC,p3m3,uneven,ideal,500,1.5,simple,0,0,100,0,276,p3,m3
BIC,p3m3,uneven,ideal,500,0.9,simple,0,0,100,0,272,p3,m3
BIC,p3m3,uneven,ideal,500,0.405,simple,0,0,100,0,271,p3,m3
BIC,p3m3,uneven,ideal,1000,1.5,simple,0,0,100,0,319,p3,m3
BIC,p3m3,uneven,ideal,1000,0.9,simple,0,0,100,0,328,p3,m3
BIC,p3m3,uneven,ideal,1000,0.405,simple,0,0,100,0,322,p3,m3
BIC,p3m3,uneven,ideal,5000,1.5,simple,0,0,100,0,427,p3,m3
BIC,p3m3,uneven,ideal,5000,0.9,simple,0,0,100,0,424,p3,m3
BIC,p3m3,uneven,ideal,5000,0.405,simple,0,0,100,0,422,p3,m3
CAIC,p3m3,even,ideal,200,1.5,simple,0,41,59,0,171,p3,m3
CAIC,p3m3,even,ideal,200,0.9,simple,0,32,68,0,199,p3,m3
CAIC,p3m3,even,ideal,200,0.405,simple,0,31,69,0,182,p3,m3
CAIC,p3m3,even,ideal,500,1.5,simple,0,0,100,0,263,p3,m3
CAIC,p3m3,even,ideal,500,0.9,simple,0,0,100,0,260,p3,m3
CAIC,p3m3,even,ideal,500,0.405,simple,0,0,100,0,263,p3,m3
CAIC,p3m3,even,ideal,1000,1.5,simple,0,0,100,0,303,p3,m3
CAIC,p3m3,even,ideal,1000,0.9,simple,0,0,100,0,289,p3,m3
CAIC,p3m3,even,ideal,1000,0.405,simple,0,0,100,0,303,p3,m3
CAIC,p3m3,even,ideal,5000,1.5,simple,0,0,100,0,428,p3,m3
CAIC,p3m3,even,ideal,5000,0.9,simple,0,0,100,0,415,p3,m3
CAIC,p3m3,even,ideal,5000,0.405,simple,0,0,100,0,432,p3,m3
CAIC,p3m3,uneven,ideal,200,1.5,simple,0,51,49,0,197,p3,m3
CAIC,p3m3,uneven,ideal,200,0.9,simple,0,37,63,0,199,p3,m3
CAIC,p3m3,uneven,ideal,200,0.405,simple,0,26,74,0,183,p3,m3
CAIC,p3m3,uneven,ideal,500,1.5,simple,0,0,100,0,276,p3,m3
CAIC,p3m3,uneven,ideal,500,0.9,simple,0,0,100,0,272,p3,m3
CAIC,p3m3,uneven,ideal,500,0.405,simple,0,0,100,0,271,p3,m3
CAIC,p3m3,uneven,ideal,1000,1.5,simple,0,0,100,0,319,p3,m3
CAIC,p3m3,uneven,ideal,1000,0.9,simple,0,0,100,0,328,p3,m3
CAIC,p3m3,uneven,ideal,1000,0.405,simple,0,0,100,0,322,p3,m3
CAIC,p3m3,uneven,ideal,5000,1.5,simple,0,0,100,0,427,p3,m3
CAIC,p3m3,uneven,ideal,5000,0.9,simple,0,0,100,0,424,p3,m3
CAIC,p3m3,uneven,ideal,5000,0.405,simple,0,0,100,0,422,p3,m3
VLMR,p3m3,even,ideal,200,1.5,simple,13,26,45,16,171,p3,m3
VLMR,p3m3,even,ideal,200,0.9,simple,12,14,61,13,199,p3,m3
VLMR,p3m3,even,ideal,200,0.405,simple,10,18,52,20,182,p3,m3
VLMR,p3m3,even,ideal,500,1.5,simple,1,0,75,25,263,p3,m3
VLMR,p3m3,even,ideal,500,0.9,simple,0,0,78,21,260,p3,m3
VLMR,p3m3,even,ideal,500,0.405,simple,0,0,75,24,263,p3,m3
VLMR,p3m3,even,ideal,1000,1.5,simple,0,0,77,23,303,p3,m3
VLMR,p3m3,even,ideal,1000,0.9,simple,0,0,79,21,289,p3,m3
VLMR,p3m3,even,ideal,1000,0.405,simple,0,0,79,21,303,p3,m3
VLMR,p3m3,even,ideal,5000,1.5,simple,0,0,79,21,428,p3,m3
VLMR,p3m3,even,ideal,5000,0.9,simple,0,0,81,19,415,p3,m3
VLMR,p3m3,even,ideal,5000,0.405,simple,0,0,81,19,432,p3,m3
VLMR,p3m3,uneven,ideal,200,1.5,simple,15,28,45,12,197,p3,m3
VLMR,p3m3,uneven,ideal,200,0.9,simple,11,21,51,18,199,p3,m3
VLMR,p3m3,uneven,ideal,200,0.405,simple,17,16,46,20,183,p3,m3
VLMR,p3m3,uneven,ideal,500,1.5,simple,5,0,79,16,276,p3,m3
VLMR,p3m3,uneven,ideal,500,0.9,simple,8,1,68,23,272,p3,m3
VLMR,p3m3,uneven,ideal,500,0.405,simple,7,0,74,19,271,p3,m3
VLMR,p3m3,uneven,ideal,1000,1.5,simple,3,0,79,18,319,p3,m3
VLMR,p3m3,uneven,ideal,1000,0.9,simple,3,0,77,20,328,p3,m3
VLMR,p3m3,uneven,ideal,1000,0.405,simple,6,0,75,20,322,p3,m3
VLMR,p3m3,uneven,ideal,5000,1.5,simple,0,0,80,19,427,p3,m3
VLMR,p3m3,uneven,ideal,5000,0.9,simple,0,0,82,18,424,p3,m3
VLMR,p3m3,uneven,ideal,5000,0.405,simple,2,0,79,18,422,p3,m3
aBIC,p3m3,even,ideal,200,1.5,simple,0,0,26,74,171,p3,m3
aBIC,p3m3,even,ideal,200,0.9,simple,0,0,29,71,199,p3,m3
aBIC,p3m3,even,ideal,200,0.405,simple,0,0,36,64,182,p3,m3
aBIC,p3m3,even,ideal,500,1.5,simple,0,0,92,8,263,p3,m3
aBIC,p3m3,even,ideal,500,0.9,simple,0,0,94,6,260,p3,m3
aBIC,p3m3,even,ideal,500,0.405,simple,0,0,95,5,263,p3,m3
aBIC,p3m3,even,ideal,1000,1.5,simple,0,0,100,0,303,p3,m3
aBIC,p3m3,even,ideal,1000,0.9,simple,0,0,100,0,289,p3,m3
aBIC,p3m3,even,ideal,1000,0.405,simple,0,0,100,0,303,p3,m3
aBIC,p3m3,even,ideal,5000,1.5,simple,0,0,100,0,428,p3,m3
aBIC,p3m3,even,ideal,5000,0.9,simple,0,0,100,0,415,p3,m3
aBIC,p3m3,even,ideal,5000,0.405,simple,0,0,100,0,432,p3,m3
aBIC,p3m3,uneven,ideal,200,1.5,simple,0,0,31,69,197,p3,m3
aBIC,p3m3,uneven,ideal,200,0.9,simple,0,0,29,71,199,p3,m3
aBIC,p3m3,uneven,ideal,200,0.405,simple,0,0,29,71,183,p3,m3
aBIC,p3m3,uneven,ideal,500,1.5,simple,0,0,95,5,276,p3,m3
aBIC,p3m3,uneven,ideal,500,0.9,simple,0,0,96,4,272,p3,m3
aBIC,p3m3,uneven,ideal,500,0.405,simple,0,0,94,6,271,p3,m3
aBIC,p3m3,uneven,ideal,1000,1.5,simple,0,0,99,1,319,p3,m3
aBIC,p3m3,uneven,ideal,1000,0.9,simple,0,0,99,1,328,p3,m3
aBIC,p3m3,uneven,ideal,1000,0.405,simple,0,0,100,0,322,p3,m3
aBIC,p3m3,uneven,ideal,5000,1.5,simple,0,0,100,0,427,p3,m3
aBIC,p3m3,uneven,ideal,5000,0.9,simple,0,0,100,0,424,p3,m3
aBIC,p3m3,uneven,ideal,5000,0.405,simple,0,0,100,0,422,p3,m3
cmPk,p3m3,even,ideal,200,1.5,simple,0,13,87,0,171,p3,m3
cmPk,p3m3,even,ideal,200,0.9,simple,0,15,85,0,199,p3,m3
cmPk,p3m3,even,ideal,200,0.405,simple,0,8,92,0,182,p3,m3
cmPk,p3m3,even,ideal,500,1.5,simple,0,0,100,0,263,p3,m3
cmPk,p3m3,even,ideal,500,0.9,simple,0,0,100,0,260,p3,m3
cmPk,p3m3,even,ideal,500,0.405,simple,0,0,100,0,263,p3,m3
cmPk,p3m3,even,ideal,1000,1.5,simple,0,0,100,0,303,p3,m3
cmPk,p3m3,even,ideal,1000,0.9,simple,0,0,100,0,289,p3,m3
cmPk,p3m3,even,ideal,1000,0.405,simple,0,0,100,0,303,p3,m3
cmPk,p3m3,even,ideal,5000,1.5,simple,0,0,100,0,428,p3,m3
cmPk,p3m3,even,ideal,5000,0.9,simple,0,0,100,0,415,p3,m3
cmPk,p3m3,even,ideal,5000,0.405,simple,0,0,100,0,432,p3,m3
cmPk,p3m3,uneven,ideal,200,1.5,simple,0,23,77,0,197,p3,m3
cmPk,p3m3,uneven,ideal,200,0.9,simple,0,10,90,0,199,p3,m3
cmPk,p3m3,uneven,ideal,200,0.405,simple,0,8,92,0,183,p3,m3
cmPk,p3m3,uneven,ideal,500,1.5,simple,0,0,100,0,276,p3,m3
cmPk,p3m3,uneven,ideal,500,0.9,simple,0,0,100,0,272,p3,m3
cmPk,p3m3,uneven,ideal,500,0.405,simple,0,0,100,0,271,p3,m3
cmPk,p3m3,uneven,ideal,1000,1.5,simple,0,0,100,0,319,p3,m3
cmPk,p3m3,uneven,ideal,1000,0.9,simple,0,0,100,0,328,p3,m3
cmPk,p3m3,uneven,ideal,1000,0.405,simple,0,0,100,0,322,p3,m3
cmPk,p3m3,uneven,ideal,5000,1.5,simple,0,0,100,0,427,p3,m3
cmPk,p3m3,uneven,ideal,5000,0.9,simple,0,0,100,0,424,p3,m3
cmPk,p3m3,uneven,ideal,5000,0.405,simple,0,0,100,0,422,p3,m3
AWE,p4m1,even,ideal,200,1.5,simple,100,0,0,0,245,p4,m1
AWE,p4m1,even,ideal,200,0.9,simple,82,18,0,0,261,p4,m1
AWE,p4m1,even,ideal,200,0.405,simple,45,55,0,0,326,p4,m1
AWE,p4m1,even,ideal,500,1.5,simple,16,83,1,0,378,p4,m1
AWE,p4m1,even,ideal,500,0.9,simple,0,60,40,0,375,p4,m1
AWE,p4m1,even,ideal,500,0.405,simple,0,14,86,0,387,p4,m1
AWE,p4m1,even,ideal,1000,1.5,simple,0,10,90,0,444,p4,m1
AWE,p4m1,even,ideal,1000,0.9,simple,0,0,100,0,425,p4,m1
AWE,p4m1,even,ideal,1000,0.405,simple,0,0,100,0,430,p4,m1
AWE,p4m1,even,ideal,5000,1.5,simple,0,0,100,0,453,p4,m1
AWE,p4m1,even,ideal,5000,0.9,simple,0,0,100,0,451,p4,m1
AWE,p4m1,even,ideal,5000,0.405,simple,0,0,100,0,464,p4,m1
AWE,p4m1,uneven,ideal,200,1.5,simple,100,0,0,0,237,p4,m1
AWE,p4m1,uneven,ideal,200,0.9,simple,91,9,0,0,268,p4,m1
AWE,p4m1,uneven,ideal,200,0.405,simple,64,36,0,0,295,p4,m1
AWE,p4m1,uneven,ideal,500,1.5,simple,44,56,0,0,347,p4,m1
AWE,p4m1,uneven,ideal,500,0.9,simple,1,86,13,0,371,p4,m1
AWE,p4m1,uneven,ideal,500,0.405,simple,0,44,56,0,369,p4,m1
AWE,p4m1,uneven,ideal,1000,1.5,simple,0,20,80,0,429,p4,m1
AWE,p4m1,uneven,ideal,1000,0.9,simple,0,0,100,0,427,p4,m1
AWE,p4m1,uneven,ideal,1000,0.405,simple,0,0,100,0,417,p4,m1
AWE,p4m1,uneven,ideal,5000,1.5,simple,0,0,100,0,462,p4,m1
AWE,p4m1,uneven,ideal,5000,0.9,simple,0,0,100,0,447,p4,m1
AWE,p4m1,uneven,ideal,5000,0.405,simple,0,0,100,0,453,p4,m1
BIC,p4m1,even,ideal,200,1.5,simple,3,65,32,0,245,p4,m1
BIC,p4m1,even,ideal,200,0.9,simple,0,27,73,0,261,p4,m1
BIC,p4m1,even,ideal,200,0.405,simple,0,10,90,0,326,p4,m1
BIC,p4m1,even,ideal,500,1.5,simple,0,1,99,0,378,p4,m1
BIC,p4m1,even,ideal,500,0.9,simple,0,0,100,0,375,p4,m1
BIC,p4m1,even,ideal,500,0.405,simple,0,0,100,0,387,p4,m1
BIC,p4m1,even,ideal,1000,1.5,simple,0,0,100,0,444,p4,m1
BIC,p4m1,even,ideal,1000,0.9,simple,0,0,100,0,425,p4,m1
BIC,p4m1,even,ideal,1000,0.405,simple,0,0,100,0,430,p4,m1
BIC,p4m1,even,ideal,5000,1.5,simple,0,0,100,0,453,p4,m1
BIC,p4m1,even,ideal,5000,0.9,simple,0,0,100,0,451,p4,m1
BIC,p4m1,even,ideal,5000,0.405,simple,0,0,100,0,464,p4,m1
BIC,p4m1,uneven,ideal,200,1.5,simple,10,75,15,0,237,p4,m1
BIC,p4m1,uneven,ideal,200,0.9,simple,0,49,51,0,268,p4,m1
BIC,p4m1,uneven,ideal,200,0.405,simple,0,25,75,0,295,p4,m1
BIC,p4m1,uneven,ideal,500,1.5,simple,0,3,97,0,347,p4,m1
BIC,p4m1,uneven,ideal,500,0.9,simple,0,0,100,0,371,p4,m1
BIC,p4m1,uneven,ideal,500,0.405,simple,0,0,100,0,369,p4,m1
BIC,p4m1,uneven,ideal,1000,1.5,simple,0,0,100,0,429,p4,m1
BIC,p4m1,uneven,ideal,1000,0.9,simple,0,0,100,0,427,p4,m1
BIC,p4m1,uneven,ideal,1000,0.405,simple,0,0,100,0,417,p4,m1
BIC,p4m1,uneven,ideal,5000,1.5,simple,0,0,100,0,462,p4,m1
BIC,p4m1,uneven,ideal,5000,0.9,simple,0,0,100,0,447,p4,m1
BIC,p4m1,uneven,ideal,5000,0.405,simple,0,0,100,0,453,p4,m1
CAIC,p4m1,even,ideal,200,1.5,simple,9,78,13,0,245,p4,m1
CAIC,p4m1,even,ideal,200,0.9,simple,0,52,48,0,261,p4,m1
CAIC,p4m1,even,ideal,200,0.405,simple,0,25,75,0,326,p4,m1
CAIC,p4m1,even,ideal,500,1.5,simple,0,4,96,0,378,p4,m1
CAIC,p4m1,even,ideal,500,0.9,simple,0,0,100,0,375,p4,m1
CAIC,p4m1,even,ideal,500,0.405,simple,0,0,100,0,387,p4,m1
CAIC,p4m1,even,ideal,1000,1.5,simple,0,0,100,0,444,p4,m1
CAIC,p4m1,even,ideal,1000,0.9,simple,0,0,100,0,425,p4,m1
CAIC,p4m1,even,ideal,1000,0.405,simple,0,0,100,0,430,p4,m1
CAIC,p4m1,even,ideal,5000,1.5,simple,0,0,100,0,453,p4,m1
CAIC,p4m1,even,ideal,5000,0.9,simple,0,0,100,0,451,p4,m1
CAIC,p4m1,even,ideal,5000,0.405,simple,0,0,100,0,464,p4,m1
CAIC,p4m1,uneven,ideal,200,1.5,simple,24,70,5,0,237,p4,m1
CAIC,p4m1,uneven,ideal,200,0.9,simple,6,67,27,0,268,p4,m1
CAIC,p4m1,uneven,ideal,200,0.405,simple,0,47,53,0,295,p4,m1
CAIC,p4m1,uneven,ideal,500,1.5,simple,0,9,91,0,347,p4,m1
CAIC,p4m1,uneven,ideal,500,0.9,simple,0,0,100,0,371,p4,m1
CAIC,p4m1,uneven,ideal,500,0.405,simple,0,0,100,0,369,p4,m1
CAIC,p4m1,uneven,ideal,1000,1.5,simple,0,0,100,0,429,p4,m1
CAIC,p4m1,uneven,ideal,1000,0.9,simple,0,0,100,0,427,p4,m1
CAIC,p4m1,uneven,ideal,1000,0.405,simple,0,0,100,0,417,p4,m1
CAIC,p4m1,uneven,ideal,5000,1.5,simple,0,0,100,0,462,p4,m1
CAIC,p4m1,uneven,ideal,5000,0.9,simple,0,0,100,0,447,p4,m1
CAIC,p4m1,uneven,ideal,5000,0.405,simple,0,0,100,0,453,p4,m1
VLMR,p4m1,even,ideal,200,1.5,simple,18,35,35,13,245,p4,m1
VLMR,p4m1,even,ideal,200,0.9,simple,14,18,46,22,261,p4,m1
VLMR,p4m1,even,ideal,200,0.405,simple,8,10,55,27,326,p4,m1
VLMR,p4m1,even,ideal,500,1.5,simple,3,4,66,27,378,p4,m1
VLMR,p4m1,even,ideal,500,0.9,simple,2,0,62,36,375,p4,m1
VLMR,p4m1,even,ideal,500,0.405,simple,0,0,60,39,387,p4,m1
VLMR,p4m1,even,ideal,1000,1.5,simple,0,0,75,25,444,p4,m1
VLMR,p4m1,even,ideal,1000,0.9,simple,0,0,74,26,425,p4,m1
VLMR,p4m1,even,ideal,1000,0.405,simple,0,0,72,28,430,p4,m1
VLMR,p4m1,even,ideal,5000,1.5,simple,0,0,83,17,453,p4,m1
VLMR,p4m1,even,ideal,5000,0.9,simple,0,0,84,16,451,p4,m1
VLMR,p4m1,even,ideal,5000,0.405,simple,0,0,80,20,464,p4,m1
VLMR,p4m1,uneven,ideal,200,1.5,simple,24,34,33,9,237,p4,m1
VLMR,p4m1,uneven,ideal,200,0.9,simple,19,24,40,17,268,p4,m1
VLMR,p4m1,uneven,ideal,200,0.405,simple,12,14,51,23,295,p4,m1
VLMR,p4m1,uneven,ideal,500,1.5,simple,6,5,68,21,347,p4,m1
VLMR,p4m1,uneven,ideal,500,0.9,simple,4,1,57,38,371,p4,m1
VLMR,p4m1,uneven,ideal,500,0.405,simple,2,0,63,34,369,p4,m1
VLMR,p4m1,uneven,ideal,1000,1.5,simple,1,0,76,23,429,p4,m1
VLMR,p4m1,uneven,ideal,1000,0.9,simple,2,0,72,26,427,p4,m1
VLMR,p4m1,uneven,ideal,1000,0.405,simple,0,0,71,29,417,p4,m1
VLMR,p4m1,uneven,ideal,5000,1.5,simple,0,0,79,21,462,p4,m1
VLMR,p4m1,uneven,ideal,5000,0.9,simple,0,0,81,19,447,p4,m1
VLMR,p4m1,uneven,ideal,5000,0.405,simple,0,0,82,18,453,p4,m1
aBIC,p4m1,even,ideal,200,1.5,simple,0,2,92,6,245,p4,m1
aBIC,p4m1,even,ideal,200,0.9,simple,0,0,95,5,261,p4,m1
aBIC,p4m1,even,ideal,200,0.405,simple,0,0,94,6,326,p4,m1
aBIC,p4m1,even,ideal,500,1.5,simple,0,0,100,0,378,p4,m1
aBIC,p4m1,even,ideal,500,0.9,simple,0,0,99,1,375,p4,m1
aBIC,p4m1,even,ideal,500,0.405,simple,0,0,99,1,387,p4,m1
aBIC,p4m1,even,ideal,1000,1.5,simple,0,0,100,0,444,p4,m1
aBIC,p4m1,even,ideal,1000,0.9,simple,0,0,100,0,425,p4,m1
aBIC,p4m1,even,ideal,1000,0.405,simple,0,0,100,0,430,p4,m1
aBIC,p4m1,even,ideal,5000,1.5,simple,0,0,100,0,453,p4,m1
aBIC,p4m1,even,ideal,5000,0.9,simple,0,0,100,0,451,p4,m1
aBIC,p4m1,even,ideal,5000,0.405,simple,0,0,100,0,464,p4,m1
aBIC,p4m1,uneven,ideal,200,1.5,simple,0,2,95,3,237,p4,m1
aBIC,p4m1,uneven,ideal,200,0.9,simple,0,0,95,4,268,p4,m1
aBIC,p4m1,uneven,ideal,200,0.405,simple,0,0,93,7,295,p4,m1
aBIC,p4m1,uneven,ideal,500,1.5,simple,0,0,100,0,347,p4,m1
aBIC,p4m1,uneven,ideal,500,0.9,simple,0,0,99,1,371,p4,m1
aBIC,p4m1,uneven,ideal,500,0.405,simple,0,0,100,0,369,p4,m1
aBIC,p4m1,uneven,ideal,1000,1.5,simple,0,0,100,0,429,p4,m1
aBIC,p4m1,uneven,ideal,1000,0.9,simple,0,0,100,0,427,p4,m1
aBIC,p4m1,uneven,ideal,1000,0.405,simple,0,0,100,0,417,p4,m1
aBIC,p4m1,uneven,ideal,5000,1.5,simple,0,0,100,0,462,p4,m1
aBIC,p4m1,uneven,ideal,5000,0.9,simple,0,0,100,0,447,p4,m1
aBIC,p4m1,uneven,ideal,5000,0.405,simple,0,0,100,0,453,p4,m1
cmPk,p4m1,even,ideal,200,1.5,simple,3,65,32,0,245,p4,m1
cmPk,p4m1,even,ideal,200,0.9,simple,0,27,73,0,261,p4,m1
cmPk,p4m1,even,ideal,200,0.405,simple,0,10,90,0,326,p4,m1
cmPk,p4m1,even,ideal,500,1.5,simple,0,1,99,0,378,p4,m1
cmPk,p4m1,even,ideal,500,0.9,simple,0,0,100,0,375,p4,m1
cmPk,p4m1,even,ideal,500,0.405,simple,0,0,100,0,387,p4,m1
cmPk,p4m1,even,ideal,1000,1.5,simple,0,0,100,0,444,p4,m1
cmPk,p4m1,even,ideal,1000,0.9,simple,0,0,100,0,425,p4,m1
cmPk,p4m1,even,ideal,1000,0.405,simple,0,0,100,0,430,p4,m1
cmPk,p4m1,even,ideal,5000,1.5,simple,0,0,100,0,453,p4,m1
cmPk,p4m1,even,ideal,5000,0.9,simple,0,0,100,0,451,p4,m1
cmPk,p4m1,even,ideal,5000,0.405,simple,0,0,100,0,464,p4,m1
cmPk,p4m1,uneven,ideal,200,1.5,simple,10,75,15,0,237,p4,m1
cmPk,p4m1,uneven,ideal,200,0.9,simple,0,49,51,0,268,p4,m1
cmPk,p4m1,uneven,ideal,200,0.405,simple,0,25,75,0,295,p4,m1
cmPk,p4m1,uneven,ideal,500,1.5,simple,0,3,97,0,347,p4,m1
cmPk,p4m1,uneven,ideal,500,0.9,simple,0,0,100,0,371,p4,m1
cmPk,p4m1,uneven,ideal,500,0.405,simple,0,0,100,0,369,p4,m1
cmPk,p4m1,uneven,ideal,1000,1.5,simple,0,0,100,0,429,p4,m1
cmPk,p4m1,uneven,ideal,1000,0.9,simple,0,0,100,0,427,p4,m1
cmPk,p4m1,uneven,ideal,1000,0.405,simple,0,0,100,0,417,p4,m1
cmPk,p4m1,uneven,ideal,5000,1.5,simple,0,0,100,0,462,p4,m1
cmPk,p4m1,uneven,ideal,5000,0.9,simple,0,0,100,0,447,p4,m1
cmPk,p4m1,uneven,ideal,5000,0.405,simple,0,0,100,0,453,p4,m1
AWE,p4m2,even,ideal,200,1.5,simple,99,1,0,0,213,p4,m2
AWE,p4m2,even,ideal,200,0.9,simple,84,16,0,0,242,p4,m2
AWE,p4m2,even,ideal,200,0.405,simple,46,54,0,0,197,p4,m2
AWE,p4m2,even,ideal,500,1.5,simple,3,97,0,0,365,p4,m2
AWE,p4m2,even,ideal,500,0.9,simple,0,87,13,0,397,p4,m2
AWE,p4m2,even,ideal,500,0.405,simple,0,36,64,0,286,p4,m2
AWE,p4m2,even,ideal,1000,1.5,simple,0,46,53,1,432,p4,m2
AWE,p4m2,even,ideal,1000,0.9,simple,0,0,100,0,428,p4,m2
AWE,p4m2,even,ideal,1000,0.405,simple,0,0,100,0,340,p4,m2
AWE,p4m2,even,ideal,5000,1.5,simple,0,0,0,100,498,p4,m2
AWE,p4m2,even,ideal,5000,0.9,simple,0,0,37,63,490,p4,m2
AWE,p4m2,even,ideal,5000,0.405,simple,0,0,100,0,488,p4,m2
AWE,p4m2,uneven,ideal,200,1.5,simple,100,0,0,0,201,p4,m2
AWE,p4m2,uneven,ideal,200,0.9,simple,97,3,0,0,230,p4,m2
AWE,p4m2,uneven,ideal,200,0.405,simple,89,11,0,0,200,p4,m2
AWE,p4m2,uneven,ideal,500,1.5,simple,31,69,0,0,350,p4,m2
AWE,p4m2,uneven,ideal,500,0.9,simple,0,91,9,0,386,p4,m2
AWE,p4m2,uneven,ideal,500,0.405,simple,0,33,67,0,264,p4,m2
AWE,p4m2,uneven,ideal,1000,1.5,simple,0,29,68,4,381,p4,m2
AWE,p4m2,uneven,ideal,1000,0.9,simple,0,2,98,0,405,p4,m2
AWE,p4m2,uneven,ideal,1000,0.405,simple,0,0,100,0,365,p4,m2
AWE,p4m2,uneven,ideal,5000,1.5,simple,0,0,0,100,469,p4,m2
AWE,p4m2,uneven,ideal,5000,0.9,simple,0,0,2,98,493,p4,m2
AWE,p4m2,uneven,ideal,5000,0.405,simple,0,0,100,0,494,p4,m2
BIC,p4m2,even,ideal,200,1.5,simple,0,66,31,3,213,p4,m2
BIC,p4m2,even,ideal,200,0.9,simple,0,41,59,0,242,p4,m2
BIC,p4m2,even,ideal,200,0.405,simple,0,14,86,0,197,p4,m2
BIC,p4m2,even,ideal,500,1.5,simple,0,1,31,68,365,p4,m2
BIC,p4m2,even,ideal,500,0.9,simple,0,0,98,2,397,p4,m2
BIC,p4m2,even,ideal,500,0.405,simple,0,0,100,0,286,p4,m2
BIC,p4m2,even,ideal,1000,1.5,simple,0,0,0,100,432,p4,m2
BIC,p4m2,even,ideal,1000,0.9,simple,0,0,84,16,428,p4,m2
BIC,p4m2,even,ideal,1000,0.405,simple,0,0,100,0,340,p4,m2
BIC,p4m2,even,ideal,5000,1.5,simple,0,0,0,100,498,p4,m2
BIC,p4m2,even,ideal,5000,0.9,simple,0,0,0,100,490,p4,m2
BIC,p4m2,even,ideal,5000,0.405,simple,0,0,100,0,488,p4,m2
BIC,p4m2,uneven,ideal,200,1.5,simple,5,65,28,2,201,p4,m2
BIC,p4m2,uneven,ideal,200,0.9,simple,0,40,59,1,230,p4,m2
BIC,p4m2,uneven,ideal,200,0.405,simple,0,14,86,0,200,p4,m2
BIC,p4m2,uneven,ideal,500,1.5,simple,0,1,25,74,350,p4,m2
BIC,p4m2,uneven,ideal,500,0.9,simple,0,0,96,4,386,p4,m2
BIC,p4m2,uneven,ideal,500,0.405,simple,0,0,100,0,264,p4,m2
BIC,p4m2,uneven,ideal,1000,1.5,simple,0,0,0,100,381,p4,m2
BIC,p4m2,uneven,ideal,1000,0.9,simple,0,0,62,38,405,p4,m2
BIC,p4m2,uneven,ideal,1000,0.405,simple,0,0,100,0,365,p4,m2
BIC,p4m2,uneven,ideal,5000,1.5,simple,0,0,0,100,469,p4,m2
BIC,p4m2,uneven,ideal,5000,0.9,simple,0,0,0,100,493,p4,m2
BIC,p4m2,uneven,ideal,5000,0.405,simple,0,0,95,5,494,p4,m2
CAIC,p4m2,even,ideal,200,1.5,simple,5,87,8,0,213,p4,m2
CAIC,p4m2,even,ideal,200,0.9,simple,0,68,32,0,242,p4,m2
CAIC,p4m2,even,ideal,200,0.405,simple,0,37,63,0,197,p4,m2
CAIC,p4m2,even,ideal,500,1.5,simple,0,6,58,36,365,p4,m2
CAIC,p4m2,even,ideal,500,0.9,simple,0,0,99,0,397,p4,m2
CAIC,p4m2,even,ideal,500,0.405,simple,0,0,100,0,286,p4,m2
CAIC,p4m2,even,ideal,1000,1.5,simple,0,0,0,100,432,p4,m2
CAIC,p4m2,even,ideal,1000,0.9,simple,0,0,95,5,428,p4,m2
CAIC,p4m2,even,ideal,1000,0.405,simple,0,0,100,0,340,p4,m2
CAIC,p4m2,even,ideal,5000,1.5,simple,0,0,0,100,498,p4,m2
CAIC,p4m2,even,ideal,5000,0.9,simple,0,0,0,100,490,p4,m2
CAIC,p4m2,even,ideal,5000,0.405,simple,0,0,100,0,488,p4,m2
CAIC,p4m2,uneven,ideal,200,1.5,simple,21,71,8,0,201,p4,m2
CAIC,p4m2,uneven,ideal,200,0.9,simple,3,73,23,0,230,p4,m2
CAIC,p4m2,uneven,ideal,200,0.405,simple,0,36,64,0,200,p4,m2
CAIC,p4m2,uneven,ideal,500,1.5,simple,0,4,55,41,350,p4,m2
CAIC,p4m2,uneven,ideal,500,0.9,simple,0,1,98,1,386,p4,m2
CAIC,p4m2,uneven,ideal,500,0.405,simple,0,0,100,0,264,p4,m2
CAIC,p4m2,uneven,ideal,1000,1.5,simple,0,0,0,100,381,p4,m2
CAIC,p4m2,uneven,ideal,1000,0.9,simple,0,0,82,18,405,p4,m2
CAIC,p4m2,uneven,ideal,1000,0.405,simple,0,0,100,0,365,p4,m2
CAIC,p4m2,uneven,ideal,5000,1.5,simple,0,0,0,100,469,p4,m2
CAIC,p4m2,uneven,ideal,5000,0.9,simple,0,0,0,100,493,p4,m2
CAIC,p4m2,uneven,ideal,5000,0.405,simple,0,0,97,3,494,p4,m2
VLMR,p4m2,even,ideal,200,1.5,simple,24,38,27,12,213,p4,m2
VLMR,p4m2,even,ideal,200,0.9,simple,9,38,40,14,242,p4,m2
VLMR,p4m2,even,ideal,200,0.405,simple,4,19,55,22,197,p4,m2
VLMR,p4m2,even,ideal,500,1.5,simple,8,16,37,38,365,p4,m2
VLMR,p4m2,even,ideal,500,0.9,simple,0,5,62,33,397,p4,m2
VLMR,p4m2,even,ideal,500,0.405,simple,0,0,82,18,286,p4,m2
VLMR,p4m2,even,ideal,1000,1.5,simple,4,7,16,72,432,p4,m2
VLMR,p4m2,even,ideal,1000,0.9,simple,0,1,36,63,428,p4,m2
VLMR,p4m2,even,ideal,1000,0.405,simple,0,0,77,23,340,p4,m2
VLMR,p4m2,even,ideal,5000,1.5,simple,0,0,0,99,498,p4,m2
VLMR,p4m2,even,ideal,5000,0.9,simple,0,0,1,99,490,p4,m2
VLMR,p4m2,even,ideal,5000,0.405,simple,0,0,32,68,488,p4,m2
VLMR,p4m2,uneven,ideal,200,1.5,simple,27,37,29,7,201,p4,m2
VLMR,p4m2,uneven,ideal,200,0.9,simple,18,28,42,12,230,p4,m2
VLMR,p4m2,uneven,ideal,200,0.405,simple,14,24,43,19,200,p4,m2
VLMR,p4m2,uneven,ideal,500,1.5,simple,8,22,39,31,350,p4,m2
VLMR,p4m2,uneven,ideal,500,0.9,simple,2,7,57,35,386,p4,m2
VLMR,p4m2,uneven,ideal,500,0.405,simple,5,0,72,23,264,p4,m2
VLMR,p4m2,uneven,ideal,1000,1.5,simple,3,11,25,61,381,p4,m2
VLMR,p4m2,uneven,ideal,1000,0.9,simple,0,1,32,67,405,p4,m2
VLMR,p4m2,uneven,ideal,1000,0.405,simple,3,0,75,22,365,p4,m2
VLMR,p4m2,uneven,ideal,5000,1.5,simple,0,0,10,89,469,p4,m2
VLMR,p4m2,uneven,ideal,5000,0.9,simple,0,0,3,97,493,p4,m2
VLMR,p4m2,uneven,ideal,5000,0.405,simple,0,0,22,78,494,p4,m2
aBIC,p4m2,even,ideal,200,1.5,simple,0,0,0,100,213,p4,m2
aBIC,p4m2,even,ideal,200,0.9,simple,0,0,5,95,242,p4,m2
aBIC,p4m2,even,ideal,200,0.405,simple,0,0,19,81,197,p4,m2
aBIC,p4m2,even,ideal,500,1.5,simple,0,0,0,100,365,p4,m2
aBIC,p4m2,even,ideal,500,0.9,simple,0,0,16,84,397,p4,m2
aBIC,p4m2,even,ideal,500,0.405,simple,0,0,81,19,286,p4,m2
aBIC,p4m2,even,ideal,1000,1.5,simple,0,0,0,100,432,p4,m2
aBIC,p4m2,even,ideal,1000,0.9,simple,0,0,3,97,428,p4,m2
aBIC,p4m2,even,ideal,1000,0.405,simple,0,0,94,6,340,p4,m2
aBIC,p4m2,even,ideal,5000,1.5,simple,0,0,0,100,498,p4,m2
aBIC,p4m2,even,ideal,5000,0.9,simple,0,0,0,100,490,p4,m2
aBIC,p4m2,even,ideal,5000,0.405,simple,0,0,61,39,488,p4,m2
aBIC,p4m2,uneven,ideal,200,1.5,simple,0,0,0,100,201,p4,m2
aBIC,p4m2,uneven,ideal,200,0.9,simple,0,0,3,97,230,p4,m2
aBIC,p4m2,uneven,ideal,200,0.405,simple,0,0,23,77,200,p4,m2
aBIC,p4m2,uneven,ideal,500,1.5,simple,0,0,0,100,350,p4,m2
aBIC,p4m2,uneven,ideal,500,0.9,simple,0,0,11,89,386,p4,m2
aBIC,p4m2,uneven,ideal,500,0.405,simple,0,0,82,18,264,p4,m2
aBIC,p4m2,uneven,ideal,1000,1.5,simple,0,0,0,100,381,p4,m2
aBIC,p4m2,uneven,ideal,1000,0.9,simple,0,0,1,99,405,p4,m2
aBIC,p4m2,uneven,ideal,1000,0.405,simple,0,0,90,10,365,p4,m2
aBIC,p4m2,uneven,ideal,5000,1.5,simple,0,0,0,100,469,p4,m2
aBIC,p4m2,uneven,ideal,5000,0.9,simple,0,0,0,100,493,p4,m2
aBIC,p4m2,uneven,ideal,5000,0.405,simple,0,0,33,67,494,p4,m2
cmPk,p4m2,even,ideal,200,1.5,simple,0,66,31,3,213,p4,m2
cmPk,p4m2,even,ideal,200,0.9,simple,0,41,59,0,242,p4,m2
cmPk,p4m2,even,ideal,200,0.405,simple,0,14,86,0,197,p4,m2
cmPk,p4m2,even,ideal,500,1.5,simple,0,1,31,68,365,p4,m2
cmPk,p4m2,even,ideal,500,0.9,simple,0,0,98,2,397,p4,m2
cmPk,p4m2,even,ideal,500,0.405,simple,0,0,100,0,286,p4,m2
cmPk,p4m2,even,ideal,1000,1.5,simple,0,0,0,100,432,p4,m2
cmPk,p4m2,even,ideal,1000,0.9,simple,0,0,84,16,428,p4,m2
cmPk,p4m2,even,ideal,1000,0.405,simple,0,0,100,0,340,p4,m2
cmPk,p4m2,even,ideal,5000,1.5,simple,0,0,0,100,498,p4,m2
cmPk,p4m2,even,ideal,5000,0.9,simple,0,0,0,100,490,p4,m2
cmPk,p4m2,even,ideal,5000,0.405,simple,0,0,100,0,488,p4,m2
cmPk,p4m2,uneven,ideal,200,1.5,simple,5,65,28,2,201,p4,m2
cmPk,p4m2,uneven,ideal,200,0.9,simple,0,40,59,1,230,p4,m2
cmPk,p4m2,uneven,ideal,200,0.405,simple,0,14,86,0,200,p4,m2
cmPk,p4m2,uneven,ideal,500,1.5,simple,0,1,25,74,350,p4,m2
cmPk,p4m2,uneven,ideal,500,0.9,simple,0,0,96,4,386,p4,m2
cmPk,p4m2,uneven,ideal,500,0.405,simple,0,0,100,0,264,p4,m2
cmPk,p4m2,uneven,ideal,1000,1.5,simple,0,0,0,100,381,p4,m2
cmPk,p4m2,uneven,ideal,1000,0.9,simple,0,0,62,38,405,p4,m2
cmPk,p4m2,uneven,ideal,1000,0.405,simple,0,0,100,0,365,p4,m2
cmPk,p4m2,uneven,ideal,5000,1.5,simple,0,0,0,100,469,p4,m2
cmPk,p4m2,uneven,ideal,5000,0.9,simple,0,0,0,100,493,p4,m2
cmPk,p4m2,uneven,ideal,5000,0.405,simple,0,0,95,5,494,p4,m2
AWE,p4m3,even,ideal,200,1.5,simple,80,20,0,0,217,p4,m3
AWE,p4m3,even,ideal,200,0.9,simple,70,30,0,0,218,p4,m3
AWE,p4m3,even,ideal,200,0.405,simple,59,41,0,0,195,p4,m3
AWE,p4m3,even,ideal,500,1.5,simple,0,45,55,0,275,p4,m3
AWE,p4m3,even,ideal,500,0.9,simple,0,29,71,0,245,p4,m3
AWE,p4m3,even,ideal,500,0.405,simple,0,27,73,0,236,p4,m3
AWE,p4m3,even,ideal,1000,1.5,simple,0,0,100,0,319,p4,m3
AWE,p4m3,even,ideal,1000,0.9,simple,0,0,100,0,295,p4,m3
AWE,p4m3,even,ideal,1000,0.405,simple,0,0,100,0,289,p4,m3
AWE,p4m3,even,ideal,5000,1.5,simple,0,0,100,0,424,p4,m3
AWE,p4m3,even,ideal,5000,0.9,simple,0,0,100,0,416,p4,m3
AWE,p4m3,even,ideal,5000,0.405,simple,0,0,100,0,416,p4,m3
AWE,p4m3,uneven,ideal,200,1.5,simple,99,1,0,0,233,p4,m3
AWE,p4m3,uneven,ideal,200,0.9,simple,96,4,0,0,230,p4,m3
AWE,p4m3,uneven,ideal,200,0.405,simple,93,7,0,0,205,p4,m3
AWE,p4m3,uneven,ideal,500,1.5,simple,0,35,65,0,271,p4,m3
AWE,p4m3,uneven,ideal,500,0.9,simple,0,23,77,0,283,p4,m3
AWE,p4m3,uneven,ideal,500,0.405,simple,0,20,80,0,263,p4,m3
AWE,p4m3,uneven,ideal,1000,1.5,simple,0,0,100,0,331,p4,m3
AWE,p4m3,uneven,ideal,1000,0.9,simple,0,0,100,0,308,p4,m3
AWE,p4m3,uneven,ideal,1000,0.405,simple,0,0,100,0,326,p4,m3
AWE,p4m3,uneven,ideal,5000,1.5,simple,0,0,100,0,431,p4,m3
AWE,p4m3,uneven,ideal,5000,0.9,simple,0,0,100,0,419,p4,m3
AWE,p4m3,uneven,ideal,5000,0.405,simple,0,0,100,0,424,p4,m3
BIC,p4m3,even,ideal,200,1.5,simple,0,16,84,0,217,p4,m3
BIC,p4m3,even,ideal,200,0.9,simple,0,14,86,0,218,p4,m3
BIC,p4m3,even,ideal,200,0.405,simple,0,12,88,0,195,p4,m3
BIC,p4m3,even,ideal,500,1.5,simple,0,0,100,0,275,p4,m3
BIC,p4m3,even,ideal,500,0.9,simple,0,0,100,0,245,p4,m3
BIC,p4m3,even,ideal,500,0.405,simple,0,0,100,0,236,p4,m3
BIC,p4m3,even,ideal,1000,1.5,simple,0,0,100,0,319,p4,m3
BIC,p4m3,even,ideal,1000,0.9,simple,0,0,100,0,295,p4,m3
BIC,p4m3,even,ideal,1000,0.405,simple,0,0,100,0,289,p4,m3
BIC,p4m3,even,ideal,5000,1.5,simple,0,0,100,0,424,p4,m3
BIC,p4m3,even,ideal,5000,0.9,simple,0,0,100,0,416,p4,m3
BIC,p4m3,even,ideal,5000,0.405,simple,0,0,100,0,416,p4,m3
BIC,p4m3,uneven,ideal,200,1.5,simple,0,13,87,0,233,p4,m3
BIC,p4m3,uneven,ideal,200,0.9,simple,0,12,88,0,230,p4,m3
BIC,p4m3,uneven,ideal,200,0.405,simple,0,10,90,0,205,p4,m3
BIC,p4m3,uneven,ideal,500,1.5,simple,0,0,100,0,271,p4,m3
BIC,p4m3,uneven,ideal,500,0.9,simple,0,0,100,0,283,p4,m3
BIC,p4m3,uneven,ideal,500,0.405,simple,0,0,100,0,263,p4,m3
BIC,p4m3,uneven,ideal,1000,1.5,simple,0,0,100,0,331,p4,m3
BIC,p4m3,uneven,ideal,1000,0.9,simple,0,0,100,0,308,p4,m3
BIC,p4m3,uneven,ideal,1000,0.405,simple,0,0,100,0,326,p4,m3
BIC,p4m3,uneven,ideal,5000,1.5,simple,0,0,100,0,431,p4,m3
BIC,p4m3,uneven,ideal,5000,0.9,simple,0,0,100,0,419,p4,m3
BIC,p4m3,uneven,ideal,5000,0.405,simple,0,0,100,0,424,p4,m3
CAIC,p4m3,even,ideal,200,1.5,simple,0,38,62,0,217,p4,m3
CAIC,p4m3,even,ideal,200,0.9,simple,0,32,68,0,218,p4,m3
CAIC,p4m3,even,ideal,200,0.405,simple,0,29,71,0,195,p4,m3
CAIC,p4m3,even,ideal,500,1.5,simple,0,0,100,0,275,p4,m3
CAIC,p4m3,even,ideal,500,0.9,simple,0,0,100,0,245,p4,m3
CAIC,p4m3,even,ideal,500,0.405,simple,0,0,100,0,236,p4,m3
CAIC,p4m3,even,ideal,1000,1.5,simple,0,0,100,0,319,p4,m3
CAIC,p4m3,even,ideal,1000,0.9,simple,0,0,100,0,295,p4,m3
CAIC,p4m3,even,ideal,1000,0.405,simple,0,0,100,0,289,p4,m3
CAIC,p4m3,even,ideal,5000,1.5,simple,0,0,100,0,424,p4,m3
CAIC,p4m3,even,ideal,5000,0.9,simple,0,0,100,0,416,p4,m3
CAIC,p4m3,even,ideal,5000,0.405,simple,0,0,100,0,416,p4,m3
CAIC,p4m3,uneven,ideal,200,1.5,simple,2,35,63,0,233,p4,m3
CAIC,p4m3,uneven,ideal,200,0.9,simple,0,32,68,0,230,p4,m3
CAIC,p4m3,uneven,ideal,200,0.405,simple,1,29,70,0,205,p4,m3
CAIC,p4m3,uneven,ideal,500,1.5,simple,0,0,100,0,271,p4,m3
CAIC,p4m3,uneven,ideal,500,0.9,simple,0,0,100,0,283,p4,m3
CAIC,p4m3,uneven,ideal,500,0.405,simple,0,0,100,0,263,p4,m3
CAIC,p4m3,uneven,ideal,1000,1.5,simple,0,0,100,0,331,p4,m3
CAIC,p4m3,uneven,ideal,1000,0.9,simple,0,0,100,0,308,p4,m3
CAIC,p4m3,uneven,ideal,1000,0.405,simple,0,0,100,0,326,p4,m3
CAIC,p4m3,uneven,ideal,5000,1.5,simple,0,0,100,0,431,p4,m3
CAIC,p4m3,uneven,ideal,5000,0.9,simple,0,0,100,0,419,p4,m3
CAIC,p4m3,uneven,ideal,5000,0.405,simple,0,0,100,0,424,p4,m3
VLMR,p4m3,even,ideal,200,1.5,simple,8,18,58,16,217,p4,m3
VLMR,p4m3,even,ideal,200,0.9,simple,6,22,57,15,218,p4,m3
VLMR,p4m3,even,ideal,200,0.405,simple,5,19,52,24,195,p4,m3
VLMR,p4m3,even,ideal,500,1.5,simple,0,0,79,21,275,p4,m3
VLMR,p4m3,even,ideal,500,0.9,simple,0,0,76,24,245,p4,m3
VLMR,p4m3,even,ideal,500,0.405,simple,0,0,75,25,236,p4,m3
VLMR,p4m3,even,ideal,1000,1.5,simple,0,0,82,18,319,p4,m3
VLMR,p4m3,even,ideal,1000,0.9,simple,0,0,83,17,295,p4,m3
VLMR,p4m3,even,ideal,1000,0.405,simple,0,0,77,23,289,p4,m3
VLMR,p4m3,even,ideal,5000,1.5,simple,0,0,86,14,424,p4,m3
VLMR,p4m3,even,ideal,5000,0.9,simple,0,0,83,17,416,p4,m3
VLMR,p4m3,even,ideal,5000,0.405,simple,0,0,81,19,416,p4,m3
VLMR,p4m3,uneven,ideal,200,1.5,simple,18,20,50,12,233,p4,m3
VLMR,p4m3,uneven,ideal,200,0.9,simple,18,21,46,15,230,p4,m3
VLMR,p4m3,uneven,ideal,200,0.405,simple,15,19,46,20,205,p4,m3
VLMR,p4m3,uneven,ideal,500,1.5,simple,6,0,75,19,271,p4,m3
VLMR,p4m3,uneven,ideal,500,0.9,simple,4,0,76,21,283,p4,m3
VLMR,p4m3,uneven,ideal,500,0.405,simple,4,0,75,21,263,p4,m3
VLMR,p4m3,uneven,ideal,1000,1.5,simple,1,0,85,14,331,p4,m3
VLMR,p4m3,uneven,ideal,1000,0.9,simple,2,0,81,18,308,p4,m3
VLMR,p4m3,uneven,ideal,1000,0.405,simple,2,0,80,18,326,p4,m3
VLMR,p4m3,uneven,ideal,5000,1.5,simple,0,0,82,18,431,p4,m3
VLMR,p4m3,uneven,ideal,5000,0.9,simple,0,0,82,18,419,p4,m3
VLMR,p4m3,uneven,ideal,5000,0.405,simple,0,0,81,19,424,p4,m3
aBIC,p4m3,even,ideal,200,1.5,simple,0,0,23,77,217,p4,m3
aBIC,p4m3,even,ideal,200,0.9,simple,0,0,24,76,218,p4,m3
aBIC,p4m3,even,ideal,200,0.405,simple,0,0,23,77,195,p4,m3
aBIC,p4m3,even,ideal,500,1.5,simple,0,0,90,10,275,p4,m3
aBIC,p4m3,even,ideal,500,0.9,simple,0,0,92,8,245,p4,m3
aBIC,p4m3,even,ideal,500,0.405,simple,0,0,92,8,236,p4,m3
aBIC,p4m3,even,ideal,1000,1.5,simple,0,0,99,1,319,p4,m3
aBIC,p4m3,even,ideal,1000,0.9,simple,0,0,99,1,295,p4,m3
aBIC,p4m3,even,ideal,1000,0.405,simple,0,0,99,1,289,p4,m3
aBIC,p4m3,even,ideal,5000,1.5,simple,0,0,100,0,424,p4,m3
aBIC,p4m3,even,ideal,5000,0.9,simple,0,0,100,0,416,p4,m3
aBIC,p4m3,even,ideal,5000,0.405,simple,0,0,100,0,416,p4,m3
aBIC,p4m3,uneven,ideal,200,1.5,simple,0,0,22,78,233,p4,m3
aBIC,p4m3,uneven,ideal,200,0.9,simple,0,0,26,74,230,p4,m3
aBIC,p4m3,uneven,ideal,200,0.405,simple,0,0,29,71,205,p4,m3
aBIC,p4m3,uneven,ideal,500,1.5,simple,0,0,94,6,271,p4,m3
aBIC,p4m3,uneven,ideal,500,0.9,simple,0,0,94,6,283,p4,m3
aBIC,p4m3,uneven,ideal,500,0.405,simple,0,0,95,5,263,p4,m3
aBIC,p4m3,uneven,ideal,1000,1.5,simple,0,0,99,1,331,p4,m3
aBIC,p4m3,uneven,ideal,1000,0.9,simple,0,0,99,1,308,p4,m3
aBIC,p4m3,uneven,ideal,1000,0.405,simple,0,0,99,1,326,p4,m3
aBIC,p4m3,uneven,ideal,5000,1.5,simple,0,0,100,0,431,p4,m3
aBIC,p4m3,uneven,ideal,5000,0.9,simple,0,0,100,0,419,p4,m3
aBIC,p4m3,uneven,ideal,5000,0.405,simple,0,0,100,0,424,p4,m3
cmPk,p4m3,even,ideal,200,1.5,simple,0,16,84,0,217,p4,m3
cmPk,p4m3,even,ideal,200,0.9,simple,0,14,86,0,218,p4,m3
cmPk,p4m3,even,ideal,200,0.405,simple,0,12,88,0,195,p4,m3
cmPk,p4m3,even,ideal,500,1.5,simple,0,0,100,0,275,p4,m3
cmPk,p4m3,even,ideal,500,0.9,simple,0,0,100,0,245,p4,m3
cmPk,p4m3,even,ideal,500,0.405,simple,0,0,100,0,236,p4,m3
cmPk,p4m3,even,ideal,1000,1.5,simple,0,0,100,0,319,p4,m3
cmPk,p4m3,even,ideal,1000,0.9,simple,0,0,100,0,295,p4,m3
cmPk,p4m3,even,ideal,1000,0.405,simple,0,0,100,0,289,p4,m3
cmPk,p4m3,even,ideal,5000,1.5,simple,0,0,100,0,424,p4,m3
cmPk,p4m3,even,ideal,5000,0.9,simple,0,0,100,0,416,p4,m3
cmPk,p4m3,even,ideal,5000,0.405,simple,0,0,100,0,416,p4,m3
cmPk,p4m3,uneven,ideal,200,1.5,simple,0,13,87,0,233,p4,m3
cmPk,p4m3,uneven,ideal,200,0.9,simple,0,12,88,0,230,p4,m3
cmPk,p4m3,uneven,ideal,200,0.405,simple,0,10,90,0,205,p4,m3
cmPk,p4m3,uneven,ideal,500,1.5,simple,0,0,100,0,271,p4,m3
cmPk,p4m3,uneven,ideal,500,0.9,simple,0,0,100,0,283,p4,m3
cmPk,p4m3,uneven,ideal,500,0.405,simple,0,0,100,0,263,p4,m3
cmPk,p4m3,uneven,ideal,1000,1.5,simple,0,0,100,0,331,p4,m3
cmPk,p4m3,uneven,ideal,1000,0.9,simple,0,0,100,0,308,p4,m3
cmPk,p4m3,uneven,ideal,1000,0.405,simple,0,0,100,0,326,p4,m3
cmPk,p4m3,uneven,ideal,5000,1.5,simple,0,0,100,0,431,p4,m3
cmPk,p4m3,uneven,ideal,5000,0.9,simple,0,0,100,0,419,p4,m3
cmPk,p4m3,uneven,ideal,5000,0.405,simple,0,0,100,0,424,p4,m3
